<?xml version="1.0" encoding="UTF-8" standalone="no"?><Experiment_plan><Simulation id="336" sourcePath="../models/campagnols.gaml" experiment="campagnols" finalStep="5110" seed="1"><Parameters><Parameter name="younger_compartment_change_rate" type="FLOAT" value="1555200.0"/><Parameter name="juvenile_compartment_change_rate" type="FLOAT" value="4838400.0"/><Parameter name="reproducer_grow_rate" type="FLOAT" value="1.9097222222222223E-7"/><Parameter name="younger_death_rate" type="FLOAT" value="1.18427851195946e-07"/><Parameter name="juvenile_death_rate" type="FLOAT" value="1.1431172709223e-07"/><Parameter name="reproducer_death_rate" type="FLOAT" value="6.13689889696953e-08"/><Parameter name="migration_threshold" type="FLOAT" value="0.402179616875946"/><Parameter name="default_vole_carring_capacity" type="FLOAT" value="0.05"/><Parameter name="creasy_vole_rate" type="FLOAT" value="0.0585319600068033"/><Parameter name="open_season" type="INT" value="4"/><Parameter name="close_season" type="INT" value="10"/><Parameter name="min_distance_creasy_vole" type="FLOAT" value="150"/><Parameter name="max_distance_creasy_vole" type="FLOAT" value="682.046389263123"/></Parameters><Outputs><Output name="discovered_area_year" id="0" framerate="365"/><Output name="densite_monitor" id="1" framerate="365"/><Output name="densite_occuped_monitor" id="2" framerate="365"/><Output name="population_young_monitor" id="3" framerate="1"/><Output name="population_juvenile_monitor" id="4" framerate="1"/><Output name="population_reproducer_monitor" id="5" framerate="1"/><Output name="max_cell_population" id="6" framerate="1"/><Output name="long_distance_dispersing_voles" id="7" framerate="1"/><Output name="short_distance_dispersing_voles" id="8" framerate="1"/><Output name="current_date" id="9" framerate="1"/><Output name="discovered_area" id="10" framerate="1"/><Output name="campagnols_map" id="11" framerate="183"/></Outputs></Simulation></Experiment_plan>
